{"_timestamp": 1713197626.7709908, "_runtime": 457.2072949409485, "_step": 113, "lr-Adam": 0.00014224175713617207, "trainer/global_step": 3093, "train_loss_step": 0.004455640446394682, "train_acc_step": 1.0, "epoch": 12, "val_loss": 0.16573217511177063, "val_acc": 0.9570016264915466, "train_loss_epoch": 0.00157117226626724, "train_acc_epoch": 0.9997372031211853, "_wandb": {"runtime": 457}}