{"test_loss": 0.10230059921741486, "test_acc": 0.973793089389801, "epoch": 0, "trainer/global_step": 0, "_timestamp": 1713209014.140179, "_runtime": 6.166106939315796, "_step": 0, "_wandb": {"runtime": 5}}