{"_timestamp": 1713195553.1704562, "_runtime": 703.9704971313477, "_step": 175, "lr-Adam": 0.0001350851717672993, "trainer/global_step": 4759, "train_loss_step": 0.0007162662805058062, "train_acc_step": 1.0, "epoch": 19, "val_loss": 0.14477920532226562, "val_acc": 0.964589536190033, "train_loss_epoch": 0.0006596909370273352, "train_acc_epoch": 0.999868631362915, "_wandb": {"runtime": 704}}