{"_timestamp": 1713177137.705893, "_runtime": 633.7554130554199, "_step": 157, "lr-Adam": 0.0008338590849833291, "trainer/global_step": 4283, "train_loss_step": 0.0015639388002455235, "train_acc_step": 1.0, "epoch": 17, "val_loss": 0.36173558235168457, "val_acc": 0.91607266664505, "train_loss_epoch": 0.009981231763958931, "train_acc_epoch": 0.9969123601913452, "_wandb": {"runtime": 634}}