{"_timestamp": 1713180651.6894395, "_runtime": 666.2102794647217, "_step": 166, "lr-Adam": 0.0001500946352969992, "trainer/global_step": 4521, "train_loss_step": 0.0006839943816885352, "train_acc_step": 1.0, "epoch": 18, "val_loss": 0.17910194396972656, "val_acc": 0.954012393951416, "train_loss_epoch": 0.001482300809584558, "train_acc_epoch": 0.9996715188026428, "_wandb": {"runtime": 666}}