{"_timestamp": 1713198648.1011531, "_runtime": 649.8674020767212, "_step": 102, "lr-Adam": 0.00020589113209464906, "trainer/global_step": 1903, "train_loss_step": 0.003273534122854471, "train_acc_step": 1.0, "epoch": 15, "val_loss": 0.1672796905040741, "val_acc": 0.9570016264915466, "train_loss_epoch": 0.0011025654384866357, "train_acc_epoch": 0.9996715188026428, "_wandb": {"runtime": 650}}